section,item,reports,victims,reported_loss_cad,note,source_url
year,2021,,,379000000.0,restated about 383M in 2022 report,https://antifraudcentre-centreantifraude.ca/annual-reports-2021-rapports-annuels-eng.htm
year,2022,,,530400000.0,,https://antifraudcentre-centreantifraude.ca/annual-reports-2022-rapports-annuels-eng.htm
year,2023,,,578000000.0,RCMP Gazette quoting CAFC; CAFC presentation shows 572M,https://rcmp.ca/en/gazette/cost-fraud-exceeds-financial-loss-victims-say
year,2024,108878,,638000000.0,34621 victims; over 638M,https://antifraudcentre-centreantifraude.ca/features-vedette/2025/02/month-prevention-mois-eng.htm
year,2025,,,704000000.0,over 112000 reports; over 704M,https://antifraudcentre-centreantifraude.ca/features-vedette/2026/02/top-fraud-2025-fraudes-plus-courantes-eng.htm
top 10 by loss 2025,Investments,,,351000000,,https://antifraudcentre-centreantifraude.ca/features-vedette/2026/02/top-fraud-2025-fraudes-plus-courantes-eng.htm
top 10 by loss 2025,Spear phishing,,,67900000,,https://antifraudcentre-centreantifraude.ca/features-vedette/2026/02/top-fraud-2025-fraudes-plus-courantes-eng.htm
top 10 by loss 2025,Relationship (romance),,,63300000,,https://antifraudcentre-centreantifraude.ca/features-vedette/2026/02/top-fraud-2025-fraudes-plus-courantes-eng.htm
top 10 by loss 2025,Job,,,50600000,,https://antifraudcentre-centreantifraude.ca/features-vedette/2026/02/top-fraud-2025-fraudes-plus-courantes-eng.htm
top 10 by loss 2025,Fraud investigator,,,28300000,,https://antifraudcentre-centreantifraude.ca/features-vedette/2026/02/top-fraud-2025-fraudes-plus-courantes-eng.htm
top 10 by loss 2025,Recovery pitch,,,25900000,,https://antifraudcentre-centreantifraude.ca/features-vedette/2026/02/top-fraud-2025-fraudes-plus-courantes-eng.htm
top 10 by loss 2025,Extortion,,,23000000,,https://antifraudcentre-centreantifraude.ca/features-vedette/2026/02/top-fraud-2025-fraudes-plus-courantes-eng.htm
top 10 by loss 2025,Service,,,19500000,,https://antifraudcentre-centreantifraude.ca/features-vedette/2026/02/top-fraud-2025-fraudes-plus-courantes-eng.htm
top 10 by loss 2025,Merchandise,,,11700000,,https://antifraudcentre-centreantifraude.ca/features-vedette/2026/02/top-fraud-2025-fraudes-plus-courantes-eng.htm
top 10 by loss 2025,Prize,,,5700000,,https://antifraudcentre-centreantifraude.ca/features-vedette/2026/02/top-fraud-2025-fraudes-plus-courantes-eng.htm
top 10 by reports 2025,Identity fraud,8403,8403,,,https://antifraudcentre-centreantifraude.ca/features-vedette/2026/02/top-fraud-2025-fraudes-plus-courantes-eng.htm
top 10 by reports 2025,Investments,4409,3867,351000000.0,,https://antifraudcentre-centreantifraude.ca/features-vedette/2026/02/top-fraud-2025-fraudes-plus-courantes-eng.htm
top 10 by reports 2025,Service,3393,2444,19500000.0,,https://antifraudcentre-centreantifraude.ca/features-vedette/2026/02/top-fraud-2025-fraudes-plus-courantes-eng.htm
top 10 by reports 2025,Personal information,3016,2109,,,https://antifraudcentre-centreantifraude.ca/features-vedette/2026/02/top-fraud-2025-fraudes-plus-courantes-eng.htm
top 10 by reports 2025,Phishing,2869,467,,,https://antifraudcentre-centreantifraude.ca/features-vedette/2026/02/top-fraud-2025-fraudes-plus-courantes-eng.htm
top 10 by reports 2025,Extortion,2767,835,23000000.0,,https://antifraudcentre-centreantifraude.ca/features-vedette/2026/02/top-fraud-2025-fraudes-plus-courantes-eng.htm
top 10 by reports 2025,Merchandise,2596,2222,11700000.0,,https://antifraudcentre-centreantifraude.ca/features-vedette/2026/02/top-fraud-2025-fraudes-plus-courantes-eng.htm
top 10 by reports 2025,Fraud investigator,2167,1137,28300000.0,,https://antifraudcentre-centreantifraude.ca/features-vedette/2026/02/top-fraud-2025-fraudes-plus-courantes-eng.htm
top 10 by reports 2025,Job,2148,1726,50600000.0,,https://antifraudcentre-centreantifraude.ca/features-vedette/2026/02/top-fraud-2025-fraudes-plus-courantes-eng.htm
top 10 by reports 2025,Relationship,1093,933,63300000.0,,https://antifraudcentre-centreantifraude.ca/features-vedette/2026/02/top-fraud-2025-fraudes-plus-courantes-eng.htm
