section,item,complaints_or_cases,reported_losses_inr_crore,note,source_url
NCRP by year,2021,262846,551,complaints registered on NCRP; amounts reported by complainants,https://www.pib.gov.in/PressReleasePage.aspx?PRID=2226441&lang=1&reg=3
NCRP by year,2022,694446,2290,complaints registered on NCRP; amounts reported by complainants,https://www.pib.gov.in/PressReleasePage.aspx?PRID=2226441&lang=1&reg=3
NCRP by year,2023,1310357,7465,complaints registered on NCRP; amounts reported by complainants,https://www.pib.gov.in/PressReleasePage.aspx?PRID=2226441&lang=1&reg=3
NCRP by year,2024,1918835,22848,complaints registered on NCRP; amounts reported by complainants,https://www.pib.gov.in/PressReleasePage.aspx?PRID=2226441&lang=1&reg=3
NCRP by year,2025,2402579,22495,complaints registered on NCRP; amounts reported by complainants,https://www.pib.gov.in/PressReleasePage.aspx?PRID=2226441&lang=1&reg=3
NCRP five-year total (LS reply 21 Jul 2026),2021-2025,more than 6589201,more than 55050,"1,95,760 FIRs; differs from row sum 6589063 / 55649",https://www.pib.gov.in/PressReleasePage.aspx?PRID=2287039&reg=3&lang=1
NCRB cyber crime cases,2020,50035,,"police cases, all cyber crime",https://www.pib.gov.in/PressReleasePage.aspx?PRID=2287039&reg=3&lang=1
NCRB cyber crime cases,2021,52974,,"police cases, all cyber crime",https://www.pib.gov.in/PressReleasePage.aspx?PRID=2287039&reg=3&lang=1
NCRB cyber crime cases,2022,65893,,"police cases, all cyber crime",https://www.pib.gov.in/PressReleasePage.aspx?PRID=2287039&reg=3&lang=1
NCRB cyber crime cases,2023,86420,,"police cases, all cyber crime",https://www.pib.gov.in/PressReleasePage.aspx?PRID=2287039&reg=3&lang=1
NCRB cyber crime cases,2024,101928,,"police cases, all cyber crime",https://www.pib.gov.in/PressReleasePage.aspx?PRID=2287039&reg=3&lang=1
NCRB cyber crime by state 2024,Telangana,27230,,,https://www.pib.gov.in/PressReleasePage.aspx?PRID=2287039&reg=3&lang=1
NCRB cyber crime by state 2024,Karnataka,21993,,,https://www.pib.gov.in/PressReleasePage.aspx?PRID=2287039&reg=3&lang=1
NCRB cyber crime by state 2024,Uttar Pradesh,11073,,,https://www.pib.gov.in/PressReleasePage.aspx?PRID=2287039&reg=3&lang=1
NCRB cyber crime by state 2024,Maharashtra,9922,,,https://www.pib.gov.in/PressReleasePage.aspx?PRID=2287039&reg=3&lang=1
NCRB cyber crime by state 2024,Bihar,6380,,,https://www.pib.gov.in/PressReleasePage.aspx?PRID=2287039&reg=3&lang=1
NCRB cyber crime by state 2024,Tamil Nadu,5793,,,https://www.pib.gov.in/PressReleasePage.aspx?PRID=2287039&reg=3&lang=1
NCRB cyber crime by state 2024,Kerala,2962,,,https://www.pib.gov.in/PressReleasePage.aspx?PRID=2287039&reg=3&lang=1
NCRB cyber crime by state 2024,Andhra Pradesh,2528,,,https://www.pib.gov.in/PressReleasePage.aspx?PRID=2287039&reg=3&lang=1
NCRB cyber crime by state 2024,Odisha,2501,,,https://www.pib.gov.in/PressReleasePage.aspx?PRID=2287039&reg=3&lang=1
NCRB cyber crime by state 2024,Haryana,1815,,,https://www.pib.gov.in/PressReleasePage.aspx?PRID=2287039&reg=3&lang=1
