section,item,amount_inr_crore,complaints_or_incidents,note,source_url
1930 amount saved (cumulative),Nov 2024,3431,9.94 lakh complaints,more than; date reported (as-on date known only for Dec 2025 and Jun 2026),https://www.pib.gov.in/PressReleasePage.aspx?PRID=2077948&reg=3&lang=2
1930 amount saved (cumulative),Mar 2025,4386,13.36 lakh complaints,more than; date reported (as-on date known only for Dec 2025 and Jun 2026),https://www.pib.gov.in/PressReleseDetailm.aspx?PRID=2114750&reg=48&lang=2
1930 amount saved (cumulative),Oct 2025,5489,17.82 lakh complaints,more than; date reported (as-on date known only for Dec 2025 and Jun 2026),https://www.pib.gov.in/PressNoteDetails.aspx?NoteId=155384&ModuleId=3&reg=3&lang=2
1930 amount saved (cumulative),Dec 2025,7130,23.02 lakh complaints,more than; date reported (as-on date known only for Dec 2025 and Jun 2026),https://www.mha.gov.in/MHA1/Par2017/pdfs/par2025-pdfs/LS02122025/432.pdf
1930 amount saved (cumulative),Feb 2026,8189,23.61 lakh complaints,more than; date reported (as-on date known only for Dec 2025 and Jun 2026),https://www.pib.gov.in/PressReleasePage.aspx?PRID=2226441&lang=1&reg=3
1930 amount saved (cumulative),Jul 2026,11158,32.8 lakh complaints,more than; date reported (as-on date known only for Dec 2025 and Jun 2026),https://www.pib.gov.in/PressReleasePage.aspx?PRID=2287039&reg=3&lang=1
UPI fraud,2021-22,242,4.07 lakh incidents,amount involved; 2025-26 is April to November 2025,https://eparlib.sansad.in/bitstream/123456789/3018042/1/AU2481_5bIzKk.pdf
UPI fraud,2022-23,573,7.25 lakh incidents,amount involved; 2025-26 is April to November 2025,https://eparlib.sansad.in/bitstream/123456789/3018042/1/AU2481_5bIzKk.pdf
UPI fraud,2023-24,1087,13.42 lakh incidents,amount involved; 2025-26 is April to November 2025,https://eparlib.sansad.in/bitstream/123456789/3018042/1/AU2481_5bIzKk.pdf
UPI fraud,2024-25,981,12.64 lakh incidents,amount involved; 2025-26 is April to November 2025,https://eparlib.sansad.in/bitstream/123456789/3018042/1/AU2481_5bIzKk.pdf
UPI fraud,2025-26 (to Nov),805,10.64 lakh incidents,amount involved; 2025-26 is April to November 2025,https://eparlib.sansad.in/bitstream/123456789/3018042/1/AU2481_5bIzKk.pdf
