section,item,cases,amount_inr_crore,note,source_url
total,2020-21,7135,104111,"frauds of Rs 1 lakh and above, by date of reporting",https://rbi.org.in/Scripts/PublicationsView.aspx?id=23648
total,2021-22,8941,36617,"frauds of Rs 1 lakh and above, by date of reporting",https://rbi.org.in/Scripts/PublicationsView.aspx?id=23648
total,2022-23,13462,16502,"frauds of Rs 1 lakh and above, by date of reporting",https://rbi.org.in/Scripts/PublicationsView.aspx?id=23648
total,2023-24,36052,11261,"frauds of Rs 1 lakh and above, by date of reporting",https://rbi.org.in/Scripts/PublicationsView.aspx?id=23648
total,2024-25,23879,34771,"frauds of Rs 1 lakh and above, by date of reporting",https://rbi.org.in/Scripts/PublicationsView.aspx?id=23648
total,Apr-Sep 2025,5092,21515,"frauds of Rs 1 lakh and above, by date of reporting",https://rbi.org.in/Scripts/PublicationsView.aspx?id=23648
category 2024-25,Card/internet,13469,520,,https://rbi.org.in/Scripts/PublicationsView.aspx?id=23648
category 2024-25,Advances,7934,31911,,https://rbi.org.in/Scripts/PublicationsView.aspx?id=23648
category 2024-25,Deposits,1207,521,,https://rbi.org.in/Scripts/PublicationsView.aspx?id=23648
category 2024-25,Others,789,1391,,https://rbi.org.in/Scripts/PublicationsView.aspx?id=23648
category 2024-25,Cash,306,39,,https://rbi.org.in/Scripts/PublicationsView.aspx?id=23648
category 2024-25,Cheques/DDs,122,74,,https://rbi.org.in/Scripts/PublicationsView.aspx?id=23648
category 2024-25,Forex,23,16,,https://rbi.org.in/Scripts/PublicationsView.aspx?id=23648
category 2024-25,Inter-branch,14,26,,https://rbi.org.in/Scripts/PublicationsView.aspx?id=23648
category 2024-25,Off-balance sheet,8,270,,https://rbi.org.in/Scripts/PublicationsView.aspx?id=23648
category 2024-25,Clearing accounts,6,2,,https://rbi.org.in/Scripts/PublicationsView.aspx?id=23648
category 2024-25,Non-resident accounts,1,1,,https://rbi.org.in/Scripts/PublicationsView.aspx?id=23648
