section,item,value,unit,note,source_url
totals 2025,Unauthorised fraud losses,703.4,GBP million,-5% vs 2024; 3.81 million cases,https://www.ukfinance.org.uk/news-and-insight/press-release/fraud-report-2026-press-release
totals 2025,APP losses,576.4,GBP million,+19% vs 2024; 248070 cases,https://www.ukfinance.org.uk/news-and-insight/press-release/fraud-report-2026-press-release
totals 2025,Total losses,about 1280,GBP million,+4% vs 2024,https://www.ukfinance.org.uk/news-and-insight/press-release/fraud-report-2026-press-release
APP type 2025,Investment,221.5,GBP million,+40% losses; 14893 cases (+26%),https://www.ukfinance.org.uk/news-and-insight/press-release/fraud-report-2026-press-release
APP type 2025,Purchase,118.1,GBP million,+20% losses; 71% of APP cases,https://www.ukfinance.org.uk/news-and-insight/press-release/fraud-report-2026-press-release
APP type 2025,Romance,39.2,GBP million,+23% losses; cases +22%,https://www.ukfinance.org.uk/news-and-insight/press-release/fraud-report-2026-press-release
APP reimbursement 2025,Reimbursed,354.3,GBP million,61% of APP losses,https://www.ukfinance.org.uk/news-and-insight/press-release/fraud-report-2026-press-release
origin 2025,Online platforms,66% of cases; 32% of losses,percent,,https://www.ukfinance.org.uk/news-and-insight/press-release/fraud-report-2026-press-release
origin 2025,Telecoms,17% of cases; 28% of losses,percent,,https://www.ukfinance.org.uk/news-and-insight/press-release/fraud-report-2026-press-release
survey YE Mar 2026,CSEW fraud incidents,4.5,million,3.8 million victims; England and Wales,https://www.ons.gov.uk/peoplepopulationandcommunity/crimeandjustice/bulletins/crimeinenglandandwales/yearendingmarch2026
police 2025,Report Fraud investment losses,879.8,GBP million,34673 reports,https://www.reportfraud.police.uk/uk-victims-lost-2-4-million-a-day-to-investment-fraud-in-2025/
